<?xml version="1.0" encoding="UTF-8"?>
<!DOCTYPE booklist SYSTEM "demo2.dtd">
<!--<!DOCTYPE booklist[

<!ELEMENT booklist (book*)>
<!ELEMENT book (author*,date?,title,publisher,website,rating)>
<!ELEMENT author (#PCDATA|name|initial)*>
<!ELEMENT name (#PCDATA)>
<!ELEMENT initial (#PCDATA)>
<!ELEMENT date (#PCDATA)>
<!ELEMENT title (#PCDATA)>
<!ELEMENT publisher (#PCDATA)>
<!ELEMENT website EMPTY>
<!ELEMENT rating EMPTY>

<!ATTLIST title edition CDATA #REQUIRED
copies (2|5|10) "2"
>

<!ATTLIST website href CDATA #FIXED "http://www.simonstl.com/xmlprim/">
<!ENTITY XML "Extensible Markup Language">
]>-->
 
<booklist>
	
 <book>
	
   <author >	   
	   <initial>dfsadf</initial>
	   <initial>dsfaw</initial>
   </author>   
   <date>1998</date>  
    
	<title edition="" copies="2">XML: A Primer &XML; </title>
   <publisher>MIS Press &XML;</publisher>
   <website href="http://www.simonstl.com/xmlprim/" /><!---->
   <rating/>
 </book>

</booklist>
